,Arestas,Distancias
0,"(0, 219)",297.89259809535383
1,"(0, 329)",306.78983033992506
2,"(1, 508)",111.12605455067681
3,"(1, 161)",74.94664769020693
4,"(1, 299)",53.150729063673246
5,"(2, 281)",134.13426109685773
6,"(2, 437)",279.2579452764057
7,"(2, 589)",99.92997548283498
8,"(2, 353)",73.06161783043132
9,"(3, 7)",179.27911200137063
10,"(3, 552)",200.39211561336438
11,"(3, 688)",158.05062480104277
12,"(4, 595)",200.4120754844877
13,"(5, 346)",141.35416513141735
14,"(6, 61)",135.1628647225265
15,"(6, 23)",170.49633427144408
16,"(7, 464)",215.82400237230334
17,"(8, 134)",123.8789731956154
18,"(8, 261)",145.67429423202984
19,"(8, 443)",127.56566936288148
20,"(8, 100)",150.3362896974646
21,"(9, 519)",170.57549648176317
22,"(10, 586)",102.9417310909429
23,"(11, 621)",170.8391055935379
24,"(12, 395)",258.3118270617898
25,"(13, 264)",289.25421345245775
26,"(13, 32)",83.48652585896721
27,"(13, 474)",172.67889274604468
28,"(13, 658)",52.478567053607705
29,"(14, 386)",278.2103520719529
30,"(14, 467)",75.64390259630977
31,"(15, 34)",171.1286066091815
32,"(16, 480)",79.05694150420949
33,"(17, 694)",150.4027925272666
34,"(17, 172)",225.75429121059915
35,"(17, 504)",106.23088063270491
36,"(18, 226)",118.82760622010359
37,"(18, 50)",166.97305171793442
38,"(18, 644)",200.80836635957178
39,"(19, 233)",150.81445554057476
40,"(19, 360)",18.24828759089466
41,"(20, 494)",242.9176815301842
42,"(20, 475)",336.7862823809782
43,"(20, 682)",280.49420671379295
44,"(20, 459)",228.97379762758882
45,"(21, 685)",85.15867542417507
46,"(21, 628)",201.2486024796197
47,"(21, 201)",154.0519392932137
48,"(21, 345)",46.06517122512408
49,"(22, 362)",169.00887550658396
50,"(23, 72)",205.00975586542216
51,"(23, 676)",238.75719884434898
52,"(23, 169)",264.372842780797
53,"(23, 423)",164.30459518832697
54,"(24, 220)",98.32598842625484
55,"(24, 143)",269.45314991664134
56,"(24, 153)",201.89601283829256
57,"(24, 678)",308.4234102658227
58,"(25, 236)",256.43907658545334
59,"(26, 50)",135.2479205015737
60,"(27, 527)",144.06942770761603
61,"(27, 234)",78.63841300535
62,"(27, 578)",222.9484245290825
63,"(28, 427)",118.45674315968678
64,"(28, 497)",118.33004690272035
65,"(28, 173)",158.59697348940804
66,"(28, 43)",125.89678312014172
67,"(29, 207)",245.41597340026587
68,"(30, 372)",216.2706637526227
69,"(31, 696)",178.33956375409244
70,"(31, 188)",175.96022277776305
71,"(31, 177)",71.17583859709698
72,"(32, 153)",130.92364186807515
73,"(32, 160)",240.0
74,"(32, 275)",123.4382436686459
75,"(33, 213)",19.924858845171276
76,"(34, 668)",94.02127418834527
77,"(34, 398)",170.20575783445165
78,"(34, 635)",221.72054483064937
79,"(35, 519)",150.44268011438774
80,"(36, 79)",78.05767098754612
81,"(36, 503)",194.60986614249546
82,"(37, 128)",183.24027941476186
83,"(37, 119)",169.84993376507393
84,"(37, 110)",136.49908424601244
85,"(38, 396)",233.62576912660984
86,"(38, 342)",237.00843866833097
87,"(39, 334)",62.80127387243033
88,"(39, 321)",53.075418038862395
89,"(40, 156)",28.160255680657446
90,"(40, 218)",274.57057380571575
91,"(40, 478)",89.05054744357274
92,"(41, 578)",220.238507078122
93,"(41, 168)",267.4023186137323
94,"(41, 205)",168.51409436602032
95,"(42, 372)",82.02438661763951
96,"(42, 295)",154.53802121160993
97,"(43, 691)",58.54912467321779
98,"(44, 157)",218.7532856896097
99,"(44, 341)",108.66922287382016
100,"(45, 635)",284.0070421662111
101,"(45, 171)",338.3962174729499
102,"(45, 136)",293.393933134276
103,"(46, 251)",168.24089871371942
104,"(46, 320)",88.02272433866155
105,"(46, 110)",165.61400906928134
106,"(47, 371)",21.18962010041709
107,"(47, 535)",172.20046457544765
108,"(48, 580)",180.3690660839602
109,"(48, 648)",229.68238939892626
110,"(49, 321)",232.20680437919987
111,"(49, 280)",83.48652585896721
112,"(50, 656)",161.82088863926066
113,"(50, 111)",158.7765725792064
114,"(50, 251)",152.8397853963424
115,"(51, 147)",58.52349955359813
116,"(51, 252)",185.6906028855526
117,"(51, 438)",257.07002936943076
118,"(52, 617)",125.32358118087753
119,"(52, 132)",152.76452467768817
120,"(52, 65)",145.52662986546483
121,"(53, 68)",210.68459839295326
122,"(53, 165)",250.28383887099062
123,"(54, 297)",154.30165261590687
124,"(55, 271)",86.97700845625813
125,"(55, 286)",166.86821147240718
126,"(55, 348)",150.98675438593943
127,"(55, 455)",270.1203435507959
128,"(56, 45)",207.76188293332345
129,"(56, 516)",9.899494936611665
130,"(56, 653)",162.265215003093
131,"(57, 458)",200.5617112013158
132,"(58, 547)",188.48076824970764
133,"(59, 166)",169.24833824885843
134,"(59, 173)",255.69708641280997
135,"(59, 261)",156.8948692596415
136,"(60, 147)",150.88074761214565
137,"(60, 500)",107.91200118615167
138,"(61, 663)",198.08079159777205
139,"(61, 617)",26.832815729997478
140,"(61, 84)",140.57738082636197
141,"(61, 306)",75.43208866258443
142,"(62, 180)",21.633307652783937
143,"(62, 339)",236.98523160737253
144,"(63, 575)",73.10950690573696
145,"(64, 644)",71.449282711585
146,"(65, 410)",263.59059163786554
147,"(66, 120)",232.80034364235806
148,"(66, 466)",178.7568180517879
149,"(66, 270)",242.16110340019515
150,"(67, 441)",48.507731342539614
151,"(68, 153)",91.0823802938856
152,"(68, 338)",112.92918134831227
153,"(69, 511)",396.23225512317896
154,"(69, 72)",259.83263844251746
155,"(70, 400)",97.30878685915265
156,"(70, 235)",198.92963580120485
157,"(70, 428)",90.80198235721508
158,"(71, 684)",79.47955712005447
159,"(71, 301)",110.46266337545913
160,"(71, 474)",162.63455967290594
161,"(72, 119)",100.34440691936945
162,"(72, 491)",138.95682782792647
163,"(72, 53)",95.60334722173695
164,"(73, 21)",185.71483516402236
165,"(73, 293)",155.46382215808282
166,"(73, 415)",186.93581786270923
167,"(74, 645)",227.27076362788065
168,"(75, 494)",200.4195599236761
169,"(75, 655)",30.528675044947494
170,"(76, 519)",50.99019513592785
171,"(76, 663)",97.41663102366043
172,"(77, 350)",172.69916039170545
173,"(78, 21)",105.07616285342742
174,"(78, 241)",70.2922470831599
175,"(78, 348)",96.13012014972206
176,"(79, 367)",168.31518053936787
177,"(79, 185)",134.73678042761748
178,"(79, 315)",76.68767828015137
179,"(79, 235)",169.42549985170473
180,"(80, 257)",98.95453501482385
181,"(80, 393)",77.07788269017254
182,"(80, 391)",194.5379140424817
183,"(80, 10)",160.0312469488381
184,"(81, 643)",157.48650735856708
185,"(81, 152)",260.43233286210835
186,"(81, 573)",60.108235708594876
187,"(82, 425)",173.90802166662698
188,"(82, 619)",19.79898987322333
189,"(82, 469)",31.04834939252005
190,"(82, 61)",35.17101079013795
191,"(83, 154)",87.00574693662483
192,"(83, 348)",104.04326023342406
193,"(83, 638)",245.70307283385773
194,"(83, 521)",272.1562051469707
195,"(84, 267)",197.57024067404484
196,"(84, 356)",155.32224567009067
197,"(84, 279)",162.04937519163718
198,"(85, 218)",45.27692569068709
199,"(85, 644)",98.73196037757987
200,"(86, 393)",199.04019694524018
201,"(86, 69)",252.21022976873877
202,"(86, 118)",263.79727064547126
203,"(86, 24)",254.120050369899
204,"(87, 584)",175.93464695732902
205,"(87, 325)",240.6200324162558
206,"(88, 658)",254.80384612481814
207,"(88, 510)",110.60289327137876
208,"(88, 571)",211.62703040963365
209,"(89, 351)",172.00290695217916
210,"(89, 349)",206.6712365086153
211,"(89, 9)",246.5461417260469
212,"(90, 258)",60.4648658313239
213,"(91, 305)",130.36103712382777
214,"(91, 622)",204.70710783946902
215,"(92, 211)",129.80754985747168
216,"(92, 585)",263.60007587252323
217,"(93, 484)",97.16480844420988
218,"(93, 455)",193.54586019855861
219,"(93, 416)",213.11499243366245
220,"(94, 339)",272.21498856602295
221,"(94, 446)",106.25441167311595
222,"(94, 513)",106.97663296253066
223,"(95, 577)",257.5286391840721
224,"(95, 632)",262.42903802742563
225,"(95, 182)",246.4000811688178
226,"(96, 376)",84.81155581640984
227,"(96, 524)",45.5411901469428
228,"(96, 389)",57.8013840664737
229,"(96, 428)",111.00450441310929
230,"(97, 122)",219.75440837443966
231,"(98, 156)",138.85243966167826
232,"(98, 81)",136.97079980784227
233,"(98, 43)",136.56500283747664
234,"(98, 548)",41.400483088968905
235,"(99, 626)",218.28421839427605
236,"(99, 169)",122.723265927859
237,"(99, 619)",103.07764064044152
238,"(99, 251)",175.1913239860924
239,"(100, 691)",99.24716620639605
240,"(101, 328)",48.33218389437829
241,"(101, 88)",222.73975846265077
242,"(101, 513)",132.23085872821065
243,"(102, 294)",220.27255843613383
244,"(102, 489)",93.49331526906082
245,"(102, 650)",65.0
246,"(103, 638)",200.0
247,"(103, 475)",262.6670896781704
248,"(103, 251)",199.0226117806718
249,"(104, 404)",126.39620247459969
250,"(104, 362)",131.38112497615478
251,"(104, 580)",67.47592163134935
252,"(105, 444)",290.423828223512
253,"(105, 427)",237.19190542680835
254,"(106, 373)",243.18717071424635
255,"(106, 334)",65.96969000988257
256,"(106, 506)",5.0990195135927845
257,"(107, 662)",123.0
258,"(107, 601)",249.28898892650673
259,"(107, 345)",203.35437049643167
260,"(107, 399)",158.71042813879623
261,"(108, 231)",86.33075929238663
262,"(108, 174)",61.773780845922005
263,"(108, 265)",254.8803640926464
264,"(108, 188)",209.02152999152983
265,"(109, 256)",158.2308440222702
266,"(109, 402)",201.52667317256046
267,"(109, 681)",124.01612798341996
268,"(110, 140)",191.68985366993215
269,"(110, 362)",108.2266141020775
270,"(110, 683)",149.6562728387955
271,"(110, 557)",218.01376103356412
272,"(111, 505)",206.9685966517626
273,"(111, 476)",170.76592165886026
274,"(111, 468)",149.61617559608987
275,"(112, 30)",162.92943257741985
276,"(112, 685)",14.142135623730951
277,"(112, 139)",180.3247071257846
278,"(112, 149)",233.01931250435015
279,"(113, 53)",33.12099032335839
280,"(113, 604)",255.28219679405768
281,"(113, 5)",281.46047679914136
282,"(114, 287)",273.02930245671433
283,"(114, 497)",164.21023110634732
284,"(114, 349)",95.88013350011565
285,"(115, 178)",94.847245611035
286,"(115, 287)",138.75518008348374
287,"(115, 486)",55.226805085936306
288,"(115, 532)",94.62557793746889
289,"(116, 572)",96.42613753542138
290,"(116, 54)",174.18381095842403
291,"(116, 312)",110.11357772772621
292,"(117, 154)",136.6235704408284
293,"(117, 231)",136.07718398026907
294,"(117, 200)",132.18925826253812
295,"(117, 267)",57.56735185849702
296,"(118, 575)",179.90275150758535
297,"(118, 500)",128.70120434556935
298,"(118, 474)",73.7360156233031
299,"(119, 92)",155.23530526268823
300,"(120, 438)",62.609903369994115
301,"(120, 237)",90.35485598461214
302,"(120, 425)",165.46298679765212
303,"(121, 679)",203.06649157357302
304,"(121, 235)",96.02083107326243
305,"(121, 533)",149.40548852033515
306,"(122, 225)",104.4030650891055
307,"(122, 345)",51.24451190127583
308,"(122, 157)",173.6663467687393
309,"(122, 554)",71.02816342831905
310,"(123, 456)",202.85216291674092
311,"(123, 603)",69.33974329343886
312,"(123, 143)",140.4563989286355
313,"(124, 109)",245.25293066546627
314,"(124, 154)",186.52613757862463
315,"(125, 179)",200.68383093812017
316,"(125, 229)",51.15662224971465
317,"(126, 212)",281.18677067031444
318,"(126, 600)",54.644304369257
319,"(126, 603)",119.68291440301745
320,"(127, 290)",237.44683615495913
321,"(127, 119)",106.0
322,"(127, 218)",197.24603925047518
323,"(128, 641)",64.00781202322104
324,"(128, 670)",141.20906486483082
325,"(129, 47)",198.31288409984865
326,"(129, 41)",186.6815470259447
327,"(129, 39)",174.62244987400675
328,"(129, 492)",100.18482919085105
329,"(130, 259)",152.22680447279973
330,"(131, 157)",290.3962809679215
331,"(131, 223)",181.53236626012455
332,"(131, 550)",214.84878403193255
333,"(132, 266)",142.90206436577463
334,"(132, 167)",43.0
335,"(132, 520)",147.00340132119393
336,"(133, 231)",174.92855684535903
337,"(133, 448)",55.569775957799216
338,"(133, 40)",43.104524124504614
339,"(133, 362)",93.17188417113823
340,"(134, 425)",165.32392446346051
341,"(134, 328)",156.46405337968207
342,"(135, 97)",212.46176126540982
343,"(136, 299)",106.83164325236227
344,"(136, 559)",193.06475597581243
345,"(136, 659)",100.00499987500625
346,"(136, 504)",243.18717071424635
347,"(137, 281)",99.35793878699377
348,"(137, 412)",218.08255317654368
349,"(137, 316)",199.52944644838766
350,"(138, 186)",216.0208323287363
351,"(138, 492)",40.22437072223753
352,"(139, 393)",231.39792566053828
353,"(139, 478)",78.10889834071403
354,"(139, 695)",134.41726079637243
355,"(139, 518)",325.1538097577822
356,"(140, 204)",169.81166037701888
357,"(141, 372)",128.5496013218244
358,"(141, 96)",38.63935817272331
359,"(141, 50)",21.18962010041709
360,"(141, 281)",119.00420160649792
361,"(142, 577)",103.23274674249446
362,"(142, 82)",213.43383049554257
363,"(143, 139)",146.01369798755184
364,"(143, 29)",86.95401083331349
365,"(144, 175)",201.58620984581262
366,"(144, 603)",300.37643050013094
367,"(145, 82)",217.13820483738002
368,"(145, 41)",122.12288892750614
369,"(145, 180)",215.5736533067063
370,"(146, 454)",132.5745073534124
371,"(146, 251)",171.64206943520577
372,"(146, 697)",185.02432272541898
373,"(146, 337)",214.18916872708573
374,"(147, 396)",182.78949641595932
375,"(148, 489)",119.50732195141852
376,"(149, 127)",141.65097952361643
377,"(149, 178)",226.0486673263083
378,"(149, 303)",267.23210884921747
379,"(150, 339)",187.39530410338463
380,"(151, 406)",86.92525524840292
381,"(151, 300)",142.55525244620065
382,"(151, 689)",162.04937519163718
383,"(151, 496)",116.36150566231085
384,"(152, 19)",180.88670487352022
385,"(152, 339)",260.72207424765554
386,"(152, 573)",277.9964028544254
387,"(152, 322)",118.81077392223317
388,"(153, 627)",80.8084154033477
389,"(153, 456)",171.35343591536179
390,"(154, 5)",142.68847185389575
391,"(154, 603)",271.4000736919576
392,"(154, 242)",256.56383221335
393,"(154, 226)",153.00326793895613
394,"(155, 430)",88.60022573334675
395,"(155, 378)",196.16319736382766
396,"(156, 143)",195.0640920313116
397,"(156, 539)",87.93179174792243
398,"(157, 195)",199.69977466186586
399,"(157, 625)",129.3560976529518
400,"(157, 24)",274.0656855573131
401,"(157, 141)",134.23859355639868
402,"(158, 179)",275.3270782178898
403,"(159, 252)",242.66231681083076
404,"(159, 61)",132.06059215375342
405,"(159, 311)",93.81364506296512
406,"(159, 270)",94.64142856064674
407,"(160, 692)",244.7304639802736
408,"(160, 682)",151.9802618763371
409,"(160, 267)",273.4264069178396
410,"(160, 0)",300.83217912982644
411,"(161, 362)",37.589892258425
412,"(161, 137)",37.33630940518894
413,"(161, 501)",126.24579200908045
414,"(161, 608)",87.23531395025755
415,"(162, 266)",75.0066663703967
416,"(162, 367)",174.89711261195822
417,"(163, 50)",51.86520991955976
418,"(163, 491)",102.44998779892558
419,"(163, 341)",218.89952032839176
420,"(164, 503)",210.95023109728987
421,"(164, 332)",120.14990636700472
422,"(164, 553)",88.05679985100527
423,"(165, 214)",180.0999722376436
424,"(165, 561)",202.8324431643025
425,"(165, 682)",236.78048906107108
426,"(165, 603)",169.94410845922255
427,"(166, 122)",184.14125013152267
428,"(167, 217)",180.22763384120648
429,"(167, 445)",80.05623023850174
430,"(167, 693)",109.77249200050075
431,"(167, 328)",97.0051545022222
432,"(168, 493)",153.16004700965587
433,"(168, 138)",98.00510190801293
434,"(168, 269)",78.92401408950256
435,"(169, 310)",76.05918747922567
436,"(169, 137)",228.37250272307304
437,"(169, 567)",190.3943276465977
438,"(169, 422)",94.2019108086455
439,"(170, 504)",36.87817782917155
440,"(170, 246)",272.66279540854123
441,"(170, 483)",220.02045359466015
442,"(171, 7)",87.32124598286491
443,"(171, 674)",119.9208072020865
444,"(172, 356)",271.7370052090808
445,"(172, 421)",168.8697723099075
446,"(172, 442)",54.20332093147061
447,"(173, 43)",75.58438992278762
448,"(174, 125)",69.40461079784254
449,"(174, 515)",87.64131445842195
450,"(174, 84)",180.8535318980528
451,"(175, 527)",127.20062892926276
452,"(175, 135)",82.87339742040264
453,"(175, 18)",154.31461369552787
454,"(175, 225)",28.284271247461902
455,"(176, 6)",92.77930803794561
456,"(176, 616)",188.04786624686813
457,"(177, 276)",150.60212481900777
458,"(177, 636)",169.64963896218583
459,"(177, 298)",257.1886467167631
460,"(178, 550)",201.6382900145704
461,"(178, 640)",210.86725682286476
462,"(178, 94)",64.62197768561404
463,"(179, 661)",326.95718374123544
464,"(179, 171)",60.07495318350236
465,"(179, 233)",247.329739416836
466,"(180, 139)",30.364452901377952
467,"(181, 418)",25.709920264364882
468,"(181, 304)",229.61707253599414
469,"(181, 424)",253.64739304790814
470,"(181, 219)",214.11445537375565
471,"(182, 315)",52.03844732503075
472,"(183, 61)",56.089214649520635
473,"(183, 665)",170.47287174210447
474,"(184, 642)",242.00206610688264
475,"(184, 246)",184.6212338816963
476,"(184, 97)",54.78138369920935
477,"(184, 4)",51.66236541235796
478,"(185, 336)",140.07141035914503
479,"(185, 281)",152.2957648787385
480,"(186, 185)",61.587336360651285
481,"(186, 364)",61.00819617067857
482,"(187, 422)",241.23018053303363
483,"(188, 118)",253.38705570727168
484,"(188, 104)",111.6288493177279
485,"(188, 239)",134.6291201783626
486,"(188, 153)",132.45754036671525
487,"(189, 444)",262.6404386228442
488,"(189, 149)",46.09772228646444
489,"(189, 575)",145.06550244630873
490,"(190, 167)",123.94353553130554
491,"(190, 694)",62.369864518050704
492,"(190, 425)",130.8166656049603
493,"(191, 201)",227.27076362788065
494,"(191, 495)",248.3646512690564
495,"(191, 523)",207.63429389192913
496,"(192, 130)",212.5088233462319
497,"(193, 50)",203.9730374338726
498,"(193, 10)",338.11980125393427
499,"(193, 21)",92.80086206496145
500,"(194, 253)",148.55302083767936
501,"(194, 141)",170.8156901458411
502,"(194, 517)",82.38931969618392
503,"(194, 682)",255.15681452785068
504,"(195, 236)",241.76021178018522
505,"(195, 388)",96.13532129243653
506,"(195, 591)",63.324560795950255
507,"(195, 519)",74.33034373659252
508,"(196, 372)",71.61005515987263
509,"(196, 541)",271.0645679538364
510,"(197, 514)",210.3758541277967
511,"(197, 221)",218.1948670340345
512,"(198, 47)",89.89438247187641
513,"(198, 347)",273.91239475423527
514,"(198, 422)",214.23818520515897
515,"(199, 312)",92.02173656261873
516,"(199, 450)",249.6237168219398
517,"(199, 692)",207.09901013766338
518,"(199, 196)",30.14962686336267
519,"(200, 391)",96.83491106000976
520,"(200, 61)",85.90692637965812
521,"(200, 462)",128.35108102388543
522,"(200, 323)",147.24808997063425
523,"(201, 387)",229.59311836376978
524,"(201, 397)",238.89118861942146
525,"(201, 41)",66.61080993352356
526,"(201, 524)",161.4465855941215
527,"(202, 2)",137.5281789307195
528,"(202, 107)",120.33702672078948
529,"(202, 505)",127.73801313626261
530,"(202, 121)",169.75570682601514
531,"(203, 308)",122.03687967167957
532,"(204, 94)",161.31026005806325
533,"(204, 540)",111.83022847155415
534,"(204, 530)",331.80867981413627
535,"(204, 109)",197.6689151080665
536,"(205, 175)",106.47065323364932
537,"(206, 669)",170.0823330037544
538,"(206, 340)",13.892443989449804
539,"(206, 171)",273.4264069178396
540,"(206, 625)",128.2497563350512
541,"(207, 387)",277.8344831010003
542,"(207, 328)",37.57658845611187
543,"(208, 444)",187.06683297688022
544,"(208, 631)",96.02083107326243
545,"(208, 123)",127.66362050325849
546,"(209, 657)",51.15662224971465
547,"(210, 379)",241.96074061715052
548,"(210, 6)",182.49657531033287
549,"(210, 327)",282.177249260106
550,"(211, 437)",212.51352898109803
551,"(211, 102)",103.24727599312246
552,"(212, 524)",226.03539545832197
553,"(213, 95)",85.38149682454625
554,"(214, 374)",60.29925372672534
555,"(214, 263)",67.67569726275453
556,"(214, 35)",262.17932794177347
557,"(215, 625)",94.02127418834527
558,"(215, 102)",49.8196748283246
559,"(216, 100)",268.57587382339466
560,"(217, 96)",180.42172818150257
561,"(217, 464)",315.1840732016769
562,"(217, 359)",62.369864518050704
563,"(218, 668)",137.87675656179326
564,"(218, 430)",141.4390328021229
565,"(218, 650)",202.68448386593386
566,"(219, 250)",186.90371852908652
567,"(219, 8)",236.90715480964266
568,"(219, 627)",167.2154299100415
569,"(220, 697)",78.10249675906654
570,"(220, 235)",229.31419493786248
571,"(220, 42)",117.17081547894082
572,"(221, 421)",158.66001386612822
573,"(222, 400)",103.94229168149026
574,"(222, 136)",264.7149410214694
575,"(223, 475)",32.01562118716424
576,"(223, 292)",138.5712812959453
577,"(223, 619)",44.9221548904324
578,"(224, 660)",162.60688792299052
579,"(224, 398)",81.8413098624405
580,"(225, 431)",98.71676655968832
581,"(226, 319)",92.34717104492157
582,"(226, 477)",120.20815280171308
583,"(227, 152)",117.17081547894082
584,"(227, 489)",119.33147112141039
585,"(227, 140)",56.43580423808985
586,"(228, 388)",92.02173656261873
587,"(229, 212)",166.01204775557707
588,"(229, 435)",209.3800372528384
589,"(229, 102)",196.5756851698602
590,"(230, 430)",162.2621335986927
591,"(231, 243)",127.534309109353
592,"(231, 655)",118.84864324004712
593,"(231, 151)",97.98469268207153
594,"(231, 429)",107.5174404457249
595,"(232, 680)",257.75181861628056
596,"(232, 89)",204.65825172711703
597,"(233, 563)",220.70795182774907
598,"(233, 674)",100.57832768544127
599,"(233, 367)",29.732137494637012
600,"(233, 268)",160.31219541881399
601,"(234, 44)",159.0125781188394
602,"(234, 121)",108.11567878897121
603,"(234, 191)",190.829767070025
604,"(234, 455)",260.7757657452088
605,"(235, 276)",116.60617479361889
606,"(235, 156)",186.9438418349211
607,"(235, 507)",237.60471375795558
608,"(235, 467)",141.7391971192161
609,"(236, 71)",142.24275025462634
610,"(236, 471)",288.7351727794866
611,"(237, 117)",185.0
612,"(237, 535)",152.89865924853626
613,"(238, 661)",106.02358228243375
614,"(238, 393)",36.49657518178932
615,"(238, 414)",133.86933928274988
616,"(238, 216)",179.10890541790488
617,"(239, 249)",161.82088863926066
618,"(239, 28)",73.81734213584231
619,"(240, 147)",239.459808736247
620,"(240, 159)",104.35516278555652
621,"(241, 540)",159.13830462839547
622,"(241, 479)",44.553338819890925
623,"(241, 519)",86.58521813797087
624,"(242, 86)",122.10241602851272
625,"(242, 11)",168.6801707374047
626,"(243, 431)",24.08318915758459
627,"(243, 373)",234.4632167313244
628,"(243, 490)",120.00416659433121
629,"(243, 317)",103.96634070698074
630,"(244, 166)",204.26698215815497
631,"(245, 350)",83.67795408588812
632,"(246, 342)",154.983870128475
633,"(246, 320)",265.03584663211126
634,"(246, 543)",83.02409288875127
635,"(246, 567)",160.12495120998477
636,"(247, 530)",242.55308697272852
637,"(248, 612)",68.62215385719105
638,"(248, 261)",121.29715577869086
639,"(248, 310)",184.55622449540954
640,"(248, 675)",141.35416513141735
641,"(249, 271)",149.09057649630307
642,"(249, 459)",136.31214179228496
643,"(250, 60)",56.753854494650845
644,"(250, 132)",15.811388300841896
645,"(250, 416)",236.00847442411893
646,"(250, 560)",234.8829495727606
647,"(251, 271)",197.2232237846243
648,"(251, 462)",120.28299963003916
649,"(251, 436)",224.89108474992955
650,"(252, 225)",170.85666507338834
651,"(252, 78)",75.4254598925323
652,"(252, 10)",166.3640586184408
653,"(253, 199)",141.9929575718458
654,"(253, 297)",124.25779653607253
655,"(253, 466)",106.30145812734649
656,"(253, 506)",92.57429448826494
657,"(254, 571)",41.012193308819754
658,"(255, 44)",254.01771591761076
659,"(255, 136)",261.6199533674754
660,"(256, 693)",35.4400902933387
661,"(256, 624)",122.57650672131263
662,"(256, 300)",56.32051136131489
663,"(256, 84)",205.2997808084558
664,"(257, 244)",214.46211786700232
665,"(257, 450)",243.9938523815713
666,"(258, 658)",72.91776189653656
667,"(259, 660)",175.32826355154492
668,"(259, 318)",106.23088063270491
669,"(259, 244)",128.08200498118384
670,"(260, 249)",243.9938523815713
671,"(260, 184)",259.3260495977988
672,"(260, 13)",70.7248188403477
673,"(260, 150)",189.76037521042164
674,"(261, 614)",49.25444142409901
675,"(261, 4)",167.7647161950331
676,"(261, 554)",133.843191832831
677,"(261, 401)",156.348968656656
678,"(262, 619)",186.31693428134759
679,"(262, 251)",257.59852484049674
680,"(263, 307)",121.16517651536682
681,"(263, 227)",152.0131573252789
682,"(263, 133)",82.87339742040264
683,"(264, 405)",239.3407612589214
684,"(264, 532)",86.81589716175259
685,"(265, 331)",133.9328189802634
686,"(265, 268)",239.5349661322956
687,"(266, 647)",290.58905691715233
688,"(266, 604)",172.1772342674838
689,"(266, 317)",164.7938105633825
690,"(266, 394)",137.55726080436466
691,"(267, 123)",218.23381956058049
692,"(267, 352)",270.38676003088614
693,"(267, 308)",189.5521036549054
694,"(268, 42)",153.87332452377834
695,"(269, 584)",313.9840760293426
696,"(270, 194)",220.43593173527768
697,"(270, 423)",149.20120642943877
698,"(270, 200)",58.728187440104094
699,"(270, 590)",173.23394586512194
700,"(271, 520)",95.01578816175763
701,"(271, 604)",224.01785643113362
702,"(272, 70)",140.73023839957068
703,"(272, 259)",145.7840869230932
704,"(272, 431)",258.0697580112788
705,"(273, 136)",277.0884335370208
706,"(274, 457)",118.68024266911489
707,"(274, 493)",202.5487595617411
708,"(275, 510)",62.42595614005443
709,"(275, 422)",97.20082304178294
710,"(276, 34)",86.58521813797087
711,"(276, 164)",159.9624956044385
712,"(276, 223)",263.8825496314601
713,"(277, 686)",241.6278129686233
714,"(277, 382)",95.524865872714
715,"(277, 437)",88.14193099768123
716,"(278, 324)",63.28506932918696
717,"(279, 296)",72.86288492778748
718,"(280, 555)",155.7080601638849
719,"(281, 454)",31.304951684997057
720,"(281, 279)",12.36931687685298
721,"(282, 513)",149.40214188558343
722,"(282, 83)",116.27553482998907
723,"(283, 0)",318.0015723231569
724,"(283, 99)",54.48853090330111
725,"(283, 25)",187.52333188166213
726,"(284, 550)",260.4400122868988
727,"(284, 560)",270.74896121684384
728,"(284, 109)",87.32124598286491
729,"(285, 643)",150.65855435387664
730,"(285, 180)",172.07265907168403
731,"(285, 234)",62.289646009589745
732,"(285, 62)",193.5071058126807
733,"(286, 562)",4.47213595499958
734,"(286, 99)",94.64142856064674
735,"(287, 526)",93.30058949438637
736,"(287, 119)",180.75950874020432
737,"(288, 457)",133.88054376943649
738,"(288, 201)",63.13477647065839
739,"(288, 460)",213.2650932525058
740,"(289, 664)",164.92422502470643
741,"(289, 565)",199.4818287463798
742,"(290, 222)",176.02556632489498
743,"(290, 524)",209.0095691589263
744,"(290, 164)",155.80115532305913
745,"(291, 492)",148.8388390172404
746,"(292, 19)",135.8712625980932
747,"(292, 494)",47.80167361086848
748,"(292, 93)",144.4506836259351
749,"(293, 485)",118.25819210524064
750,"(294, 89)",246.49746449000241
751,"(294, 650)",190.59118552545917
752,"(295, 54)",118.33004690272035
753,"(295, 483)",172.69916039170545
754,"(295, 621)",107.93516572461452
755,"(296, 201)",141.6756859873987
756,"(296, 392)",178.10109488714548
757,"(297, 159)",214.21717951648975
758,"(297, 695)",160.70158679988197
759,"(297, 540)",244.64055264816582
760,"(297, 132)",82.13403679352427
761,"(298, 180)",149.75313018431368
762,"(298, 509)",245.88005205790893
763,"(298, 654)",260.4169733331528
764,"(299, 99)",228.61539755668252
765,"(299, 625)",266.5576860643865
766,"(299, 231)",99.80981915623332
767,"(300, 572)",123.96773773849388
768,"(301, 36)",96.17692030835673
769,"(302, 682)",40.792156108742276
770,"(302, 667)",72.00694410957877
771,"(302, 146)",250.94421690885807
772,"(303, 68)",178.05897899291685
773,"(303, 326)",45.35416188179427
774,"(303, 430)",152.2005256232711
775,"(304, 422)",48.76474136094644
776,"(305, 474)",227.37853900489378
777,"(305, 171)",135.0148140020198
778,"(306, 315)",175.82377541163197
779,"(306, 95)",29.068883707497267
780,"(307, 57)",321.8850726579286
781,"(308, 500)",136.09188072769072
782,"(308, 644)",205.40691322348428
783,"(309, 312)",286.77517326295873
784,"(309, 163)",76.79192665899195
785,"(309, 600)",64.19501538281614
786,"(310, 28)",79.84985911070852
787,"(310, 603)",171.49344010777787
788,"(310, 330)",87.0
789,"(310, 180)",137.7679207943562
790,"(311, 261)",99.92497185388645
791,"(311, 229)",146.74126890551273
792,"(311, 179)",192.33824372703418
793,"(312, 98)",92.11405973031478
794,"(312, 447)",98.00510190801293
795,"(312, 580)",163.783393541592
796,"(313, 572)",181.89282558693733
797,"(314, 356)",291.58875149772155
798,"(314, 213)",255.3311575190149
799,"(315, 618)",98.68130522039117
800,"(316, 41)",281.7534383108749
801,"(316, 625)",73.24616030891995
802,"(317, 662)",43.9089968002003
803,"(318, 684)",73.05477397131553
804,"(318, 68)",37.8549864614954
805,"(318, 324)",176.13914953808538
806,"(319, 459)",63.324560795950255
807,"(320, 493)",236.48467180770933
808,"(320, 579)",127.534309109353
809,"(320, 229)",264.6828290615015
810,"(321, 46)",117.44360348695028
811,"(322, 230)",118.87808881370864
812,"(323, 199)",322.6716597409819
813,"(323, 100)",110.06361796706484
814,"(324, 71)",37.8021163428716
815,"(325, 353)",190.71706793048176
816,"(325, 147)",193.07252523339514
817,"(325, 406)",180.0999722376436
818,"(325, 521)",73.54590403278758
819,"(326, 76)",203.92400545301183
820,"(326, 420)",280.40149785619906
821,"(327, 187)",278.8781095747746
822,"(329, 243)",168.6001186239203
823,"(329, 144)",145.16886718577092
824,"(330, 374)",86.03487664894976
825,"(331, 172)",245.45875417267155
826,"(331, 432)",76.05918747922567
827,"(332, 491)",79.98124780221924
828,"(332, 656)",138.49548729110273
829,"(332, 140)",139.08630414242805
830,"(332, 117)",48.83646178829912
831,"(333, 436)",283.7833680820636
832,"(333, 357)",171.72361514946044
833,"(334, 317)",64.20280367709809
834,"(334, 291)",148.2194319244275
835,"(335, 23)",271.5879231482873
836,"(336, 217)",256.6028059082753
837,"(337, 31)",4.47213595499958
838,"(337, 555)",225.00888871331284
839,"(337, 245)",164.83021567661677
840,"(338, 512)",192.39802493788756
841,"(338, 680)",254.1692349597016
842,"(338, 386)",250.2179050347916
843,"(338, 198)",32.01562118716424
844,"(339, 504)",211.98113123577767
845,"(339, 406)",141.00354605470034
846,"(339, 649)",176.8219443394965
847,"(340, 242)",145.60219778561037
848,"(340, 273)",172.02616080119907
849,"(340, 674)",175.96022277776305
850,"(341, 639)",330.15148038438355
851,"(341, 519)",99.98499887483122
852,"(341, 408)",81.30190649671138
853,"(341, 696)",245.34873140083687
854,"(342, 317)",57.982756057296896
855,"(343, 262)",165.60495161679194
856,"(343, 449)",137.87675656179326
857,"(343, 281)",81.78630692236935
858,"(343, 202)",99.62429422585637
859,"(344, 178)",177.62882648939615
860,"(344, 155)",53.23532661682466
861,"(344, 634)",73.348483283569
862,"(345, 186)",233.43735776434755
863,"(346, 146)",212.30167215544958
864,"(346, 84)",56.753854494650845
865,"(346, 529)",112.16059914247963
866,"(346, 671)",88.72992730753249
867,"(347, 82)",73.38937252763509
868,"(347, 672)",152.5319638633162
869,"(348, 625)",137.64083696345355
870,"(348, 60)",87.20665112249179
871,"(348, 579)",143.68368035375485
872,"(349, 355)",97.01546268507923
873,"(349, 55)",137.99275343292487
874,"(349, 284)",52.15361924162119
875,"(350, 134)",67.67569726275453
876,"(351, 250)",225.22211259110415
877,"(351, 243)",111.46299834474219
878,"(351, 118)",298.00167784762556
879,"(352, 489)",196.16319736382766
880,"(352, 348)",159.24823389915505
881,"(352, 262)",124.06449935416659
882,"(353, 623)",183.10925700247927
883,"(353, 490)",284.6928169097352
884,"(353, 584)",76.53757247260981
885,"(354, 393)",118.80235687897779
886,"(355, 479)",133.00375934536586
887,"(355, 352)",65.36818798161687
888,"(356, 456)",274.7544358149655
889,"(356, 226)",127.8632081562167
890,"(356, 132)",223.48601745970598
891,"(356, 617)",54.120236510939236
892,"(357, 580)",135.2479205015737
893,"(357, 152)",46.32493928760188
894,"(358, 451)",96.33794683301072
895,"(358, 356)",94.36630754670864
896,"(359, 241)",114.33722053644648
897,"(360, 574)",209.0956718825141
898,"(361, 116)",87.41853350405736
899,"(361, 131)",29.206163733020468
900,"(362, 564)",97.52948272189288
901,"(362, 60)",114.49017425089369
902,"(363, 474)",280.12854192316786
903,"(364, 680)",129.24395537122808
904,"(365, 343)",201.67548190099856
905,"(365, 462)",183.87223825254318
906,"(365, 88)",153.67498169838836
907,"(366, 527)",302.3789013803708
908,"(366, 216)",19.0
909,"(366, 498)",266.0676605677586
910,"(367, 499)",200.3596765818911
911,"(368, 94)",138.6001443000692
912,"(368, 697)",127.75758294520134
913,"(368, 68)",152.0131573252789
914,"(368, 500)",50.93132631298737
915,"(369, 249)",76.32168761236873
916,"(370, 92)",223.8146554629522
917,"(370, 562)",157.84802817900513
918,"(370, 523)",124.55520864259351
919,"(371, 228)",169.85876486069242
920,"(371, 53)",244.96530366564158
921,"(372, 74)",272.2498852157701
922,"(372, 677)",197.43353311937665
923,"(373, 386)",196.01020381602586
924,"(373, 69)",241.04978738841484
925,"(373, 595)",14.317821063276353
926,"(374, 188)",156.00320509528
927,"(374, 620)",45.48626166217664
928,"(375, 599)",228.79029699705362
929,"(375, 383)",40.19950248448356
930,"(375, 114)",177.72169254201918
931,"(375, 576)",98.41239759298622
932,"(376, 540)",108.37435120913067
933,"(376, 674)",34.52535300326414
934,"(376, 67)",86.83317338436964
935,"(376, 2)",157.00318468107582
936,"(377, 400)",211.09239683134018
937,"(378, 573)",19.209372712298546
938,"(378, 659)",58.54912467321779
939,"(378, 191)",257.8410362994999
940,"(379, 618)",264.6828290615015
941,"(379, 313)",174.04597093871493
942,"(379, 54)",243.18922673506736
943,"(379, 336)",213.01643129110957
944,"(380, 65)",57.0087712549569
945,"(380, 19)",218.00917411888886
946,"(380, 274)",198.40362899906847
947,"(381, 298)",69.72087205421343
948,"(381, 297)",217.8072542409917
949,"(381, 516)",80.4114419718985
950,"(381, 59)",172.38619434281853
951,"(382, 466)",132.87964479181903
952,"(382, 174)",125.53883861180172
953,"(382, 45)",179.61069010501575
954,"(382, 142)",115.93532679903913
955,"(383, 300)",112.25862995778988
956,"(383, 546)",81.83520025025906
957,"(383, 274)",27.459060435491963
958,"(383, 413)",129.71121771072848
959,"(384, 241)",106.92053123698928
960,"(384, 173)",149.91330828182
961,"(384, 183)",236.61149591682988
962,"(385, 248)",70.77428911688199
963,"(385, 682)",188.06381895516213
964,"(385, 276)",241.40629652103112
965,"(385, 307)",278.9265136196271
966,"(386, 146)",244.20483205702544
967,"(386, 173)",311.94871373352385
968,"(386, 591)",237.2003372678884
969,"(387, 80)",193.00259065618783
970,"(387, 98)",153.08167754502824
971,"(387, 500)",203.22647465327935
972,"(387, 506)",203.85534086699815
973,"(388, 106)",65.60487786742691
974,"(388, 682)",150.41608956491322
975,"(388, 206)",155.3479964466874
976,"(388, 355)",101.23734488813898
977,"(389, 544)",102.80077820717118
978,"(390, 246)",325.6286228205377
979,"(391, 406)",209.0095691589263
980,"(391, 2)",300.0166662037294
981,"(392, 672)",221.65288177689007
982,"(392, 611)",226.43321311150447
983,"(392, 274)",182.8578683021324
984,"(393, 142)",40.24922359499622
985,"(393, 145)",21.18962010041709
986,"(394, 401)",23.259406699226016
987,"(395, 625)",294.27877939124323
988,"(396, 97)",184.69434208984313
989,"(396, 338)",55.0
990,"(396, 680)",231.16444363266598
991,"(396, 215)",171.89822570346675
992,"(397, 216)",268.0242526339734
993,"(397, 237)",96.0260381354974
994,"(397, 250)",144.77914214416384
995,"(398, 577)",189.67867565965344
996,"(398, 649)",41.617304093369626
997,"(398, 513)",242.4231837098094
998,"(398, 420)",40.496913462633174
999,"(399, 494)",70.40596565632774
1000,"(400, 664)",85.09406559801923
1001,"(400, 479)",90.60905032059435
1002,"(401, 312)",124.90796611905904
1003,"(401, 572)",115.57248807566617
1004,"(401, 91)",93.23089616645332
1005,"(402, 666)",180.02499826412998
1006,"(403, 573)",257.87012234844116
1007,"(404, 218)",180.24705268048075
1008,"(405, 345)",250.52943938786913
1009,"(405, 310)",287.7846417027844
1010,"(406, 591)",177.78920102188434
1011,"(406, 549)",37.589892258425
1012,"(407, 636)",240.75921581530375
1013,"(407, 89)",60.802960454241045
1014,"(407, 523)",233.78836583542818
1015,"(408, 485)",199.2786993132984
1016,"(409, 483)",120.50726119201282
1017,"(409, 517)",168.34488409215172
1018,"(409, 575)",69.63476143421474
1019,"(409, 596)",135.5912976558599
1020,"(410, 533)",127.88275880665071
1021,"(411, 508)",90.93404203047393
1022,"(411, 189)",114.97825881443848
1023,"(411, 667)",222.46123257772354
1024,"(412, 396)",193.68531178176625
1025,"(413, 155)",10.770329614269007
1026,"(413, 513)",256.03515383634334
1027,"(413, 654)",231.2098613813866
1028,"(413, 348)",70.3846574190711
1029,"(414, 431)",161.40012391568973
1030,"(414, 306)",66.2117814289874
1031,"(414, 469)",51.42956348249516
1032,"(415, 666)",181.3201588351389
1033,"(415, 570)",156.41611170208776
1034,"(415, 323)",221.43622106602163
1035,"(416, 445)",136.8941196691808
1036,"(416, 451)",112.71202242884297
1037,"(416, 420)",288.18917398125836
1038,"(417, 646)",222.27235545609355
1039,"(418, 97)",139.94641831786907
1040,"(418, 548)",90.44335243676011
1041,"(418, 205)",101.65136496870073
1042,"(418, 284)",108.78419002777932
1043,"(419, 102)",141.69333082400175
1044,"(420, 378)",93.2148056909416
1045,"(421, 506)",129.28263611173776
1046,"(421, 249)",271.5879231482873
1047,"(422, 296)",109.1146186356347
1048,"(423, 550)",163.8566446623389
1049,"(423, 266)",140.06427096158393
1050,"(423, 557)",15.132745950421556
1051,"(424, 138)",108.77959367454909
1052,"(424, 111)",259.0019304947359
1053,"(425, 691)",126.92123541787639
1054,"(425, 300)",11.704699910719626
1055,"(425, 435)",75.18643494673756
1056,"(426, 537)",164.98484778912274
1057,"(426, 247)",141.69333082400175
1058,"(426, 163)",191.0026177831079
1059,"(427, 439)",124.78781991845197
1060,"(428, 327)",53.75872022286245
1061,"(429, 535)",206.71236053995418
1062,"(430, 600)",163.783393541592
1063,"(430, 662)",99.6393496566492
1064,"(431, 560)",155.0
1065,"(432, 226)",261.00766272276377
1066,"(432, 195)",236.03389587091087
1067,"(432, 567)",233.49946466748057
1068,"(433, 466)",260.93102536877444
1069,"(434, 690)",172.00290695217916
1070,"(434, 641)",176.50212463310464
1071,"(435, 277)",95.2732911156112
1072,"(436, 144)",292.93343953874574
1073,"(436, 448)",234.138847695123
1074,"(437, 319)",226.89645215384044
1075,"(437, 260)",249.09837414162303
1076,"(437, 132)",133.3604139165742
1077,"(438, 29)",48.27007354458868
1078,"(438, 34)",116.77756633874505
1079,"(438, 614)",103.75451797391764
1080,"(439, 201)",247.98588669519077
1081,"(439, 477)",138.01449199268893
1082,"(439, 81)",289.40110573389313
1083,"(439, 234)",27.586228448267445
1084,"(440, 63)",190.06577808748213
1085,"(440, 341)",134.8517704741024
1086,"(440, 464)",243.75602556654883
1087,"(441, 357)",187.6006396577581
1088,"(441, 47)",205.43125370790102
1089,"(441, 407)",130.01538370516005
1090,"(441, 276)",244.00204917172314
1091,"(442, 679)",69.42621983083913
1092,"(442, 264)",240.03333101883996
1093,"(443, 422)",76.00657866263946
1094,"(443, 240)",118.70130580579136
1095,"(444, 567)",130.18832512940628
1096,"(444, 482)",107.07474025184464
1097,"(444, 235)",158.7765725792064
1098,"(444, 561)",216.33307652783935
1099,"(445, 672)",53.14132102234569
1100,"(445, 212)",164.45364088398895
1101,"(446, 423)",92.69843580125827
1102,"(446, 534)",104.1393297462587
1103,"(447, 377)",158.47397262642215
1104,"(447, 595)",122.01639234135715
1105,"(447, 558)",118.71394189394942
1106,"(447, 256)",138.85243966167826
1107,"(448, 426)",203.364205306637
1108,"(448, 15)",38.2099463490856
1109,"(448, 94)",254.27544120500508
1110,"(448, 658)",115.26057435220423
1111,"(449, 514)",138.351002887583
1112,"(450, 159)",31.38470965295043
1113,"(450, 688)",60.00833275470999
1114,"(450, 690)",134.82581355215328
1115,"(450, 643)",128.9728653632228
1116,"(451, 175)",95.50916186418976
1117,"(451, 20)",218.5040045399626
1118,"(451, 553)",100.56838469419701
1119,"(452, 686)",66.06814663663572
1120,"(453, 648)",22.02271554554524
1121,"(453, 580)",131.67383946707105
1122,"(453, 404)",88.63972021616495
1123,"(453, 393)",202.70421801235415
1124,"(454, 164)",172.74258305351347
1125,"(455, 671)",132.00378782444085
1126,"(455, 103)",137.43725841270262
1127,"(456, 115)",191.2066944434739
1128,"(456, 609)",116.3872845288522
1129,"(456, 219)",282.11522468665174
1130,"(456, 323)",351.95028057951595
1131,"(457, 309)",198.8617610301186
1132,"(457, 293)",99.62429422585637
1133,"(458, 333)",95.25754563287887
1134,"(459, 451)",152.620444239951
1135,"(459, 177)",144.27751037497146
1136,"(459, 596)",234.35016535091245
1137,"(460, 423)",160.52725625263767
1138,"(460, 320)",193.31321734428818
1139,"(461, 40)",240.00833318866242
1140,"(462, 61)",135.71293232407882
1141,"(462, 481)",93.94147114027967
1142,"(462, 260)",97.6933979345585
1143,"(463, 42)",89.62700485902673
1144,"(463, 592)",160.3309078125612
1145,"(463, 668)",233.48019187931126
1146,"(464, 201)",260.76809620810593
1147,"(464, 418)",222.1823575354263
1148,"(464, 425)",207.2920644887305
1149,"(464, 266)",204.0612653102004
1150,"(465, 551)",125.53883861180172
1151,"(465, 562)",149.90663761154806
1152,"(465, 130)",135.66502865514016
1153,"(466, 373)",194.0
1154,"(466, 681)",168.2973558912914
1155,"(467, 462)",189.45184084616332
1156,"(467, 574)",207.46565980903924
1157,"(468, 358)",92.91393867445294
1158,"(469, 131)",93.23089616645332
1159,"(470, 73)",127.283148923964
1160,"(471, 399)",247.01821795163207
1161,"(472, 323)",160.0781059358212
1162,"(472, 691)",246.4000811688178
1163,"(473, 634)",172.53985046939155
1164,"(473, 33)",265.452443951831
1165,"(474, 64)",99.02019995940222
1166,"(475, 318)",279.1164631475542
1167,"(475, 449)",238.549785160247
1168,"(475, 629)",53.009433122794285
1169,"(475, 443)",213.84573879317773
1170,"(476, 198)",180.3995565404749
1171,"(476, 584)",182.6307750626931
1172,"(476, 642)",77.93587107359485
1173,"(477, 349)",144.138821973818
1174,"(477, 75)",223.1815404552984
1175,"(478, 585)",108.24047302187847
1176,"(478, 636)",203.00246303924493
1177,"(478, 308)",124.42266674525185
1178,"(479, 530)",174.3244102241565
1179,"(480, 520)",188.62131374794313
1180,"(480, 431)",148.94629904767692
1181,"(480, 292)",136.8575902169843
1182,"(481, 150)",193.45800577903205
1183,"(481, 549)",78.91767862779544
1184,"(481, 240)",353.27751131369797
1185,"(481, 59)",185.17289218457435
1186,"(482, 17)",40.718546143004666
1187,"(482, 340)",131.67383946707105
1188,"(482, 439)",71.16881339463234
1189,"(482, 587)",143.60013927569847
1190,"(483, 153)",201.77710474679728
1191,"(483, 73)",168.4339633209407
1192,"(484, 690)",180.62391868188442
1193,"(484, 590)",149.2816130673835
1194,"(484, 501)",67.80117993073571
1195,"(485, 619)",226.34486961272174
1196,"(486, 691)",135.05924625881784
1197,"(486, 222)",60.207972893961475
1198,"(486, 4)",125.80143083447024
1199,"(487, 672)",262.41951146970763
1200,"(487, 595)",56.08029957123981
1201,"(487, 288)",104.0
1202,"(488, 665)",59.033888572581766
1203,"(489, 174)",134.48048185517482
1204,"(489, 578)",55.226805085936306
1205,"(489, 97)",38.8329756778952
1206,"(490, 534)",128.3160161476345
1207,"(491, 554)",190.62528688503002
1208,"(491, 276)",237.43841306747314
1209,"(491, 466)",232.04525420701884
1210,"(492, 638)",41.773197148410844
1211,"(492, 288)",151.85519418182574
1212,"(493, 608)",206.65188119153427
1213,"(493, 53)",165.04847772699995
1214,"(493, 7)",35.34119409414458
1215,"(494, 611)",181.01104938649465
1216,"(494, 90)",122.42957159118053
1217,"(494, 335)",242.99794237811975
1218,"(494, 103)",120.7393887677091
1219,"(495, 48)",71.19691004531025
1220,"(495, 179)",274.6506872374435
1221,"(495, 181)",88.95504482602435
1222,"(496, 573)",294.27877939124323
1223,"(496, 572)",268.01865606707304
1224,"(497, 249)",283.5365937581955
1225,"(497, 611)",40.607881008493905
1226,"(497, 106)",97.51410154434076
1227,"(498, 439)",250.53941805632104
1228,"(498, 446)",304.8622639816217
1229,"(498, 497)",304.8212591011329
1230,"(499, 633)",216.33307652783935
1231,"(499, 192)",148.47558721890948
1232,"(499, 661)",272.88275870783775
1233,"(499, 212)",54.70831746635972
1234,"(500, 364)",99.82484660644363
1235,"(500, 665)",90.78546139112804
1236,"(500, 618)",119.6202324023825
1237,"(500, 246)",182.3896926912264
1238,"(501, 585)",50.93132631298737
1239,"(501, 365)",61.98386886924694
1240,"(501, 96)",63.788713735268246
1241,"(502, 603)",226.37358503146962
1242,"(502, 529)",212.72047386182646
1243,"(503, 498)",350.1785258978626
1244,"(503, 47)",36.345563690772494
1245,"(503, 38)",275.7698315624826
1246,"(504, 472)",241.6795398870165
1247,"(504, 695)",248.16929705344293
1248,"(504, 233)",92.04890004774636
1249,"(504, 416)",201.8539075668341
1250,"(505, 428)",275.7680184502909
1251,"(505, 173)",261.444066675838
1252,"(505, 19)",105.99056561788883
1253,"(506, 35)",290.6578744847626
1254,"(507, 374)",182.6608879864543
1255,"(507, 499)",247.0323865407125
1256,"(508, 355)",165.89454481688057
1257,"(509, 581)",163.35544068074378
1258,"(510, 75)",107.56393447619885
1259,"(510, 416)",192.6058150731696
1260,"(511, 251)",319.53090617340916
1261,"(511, 302)",257.2353008434107
1262,"(511, 378)",252.43811122728675
1263,"(511, 484)",242.1652328473268
1264,"(512, 421)",193.21490625725542
1265,"(513, 480)",125.63439019631528
1266,"(513, 565)",111.6288493177279
1267,"(514, 63)",170.8156901458411
1268,"(515, 458)",237.8570999570961
1269,"(515, 523)",349.4939198326632
1270,"(516, 361)",234.29255216502295
1271,"(516, 476)",28.071337695236398
1272,"(517, 198)",47.01063709417264
1273,"(518, 353)",311.5124395590006
1274,"(518, 473)",229.68238939892626
1275,"(518, 391)",302.3375596911505
1276,"(519, 649)",188.30294740125552
1277,"(520, 311)",123.43419299367578
1278,"(520, 139)",155.3479964466874
1279,"(520, 182)",185.0
1280,"(520, 22)",233.0772404161333
1281,"(521, 520)",147.763324272297
1282,"(521, 86)",185.87361297397757
1283,"(522, 687)",54.817880294662984
1284,"(522, 278)",74.67261881037788
1285,"(522, 14)",240.61587645041215
1286,"(523, 437)",195.1640335717624
1287,"(523, 209)",173.6663467687393
1288,"(524, 496)",117.71151175649729
1289,"(525, 533)",135.2479205015737
1290,"(526, 455)",255.64428411368795
1291,"(526, 416)",120.33287165193059
1292,"(526, 322)",106.77546534667971
1293,"(526, 552)",96.84007434941384
1294,"(527, 425)",209.80467106334882
1295,"(528, 343)",167.0
1296,"(528, 157)",261.20490041344937
1297,"(528, 195)",186.34376834227646
1298,"(529, 13)",257.19447894540815
1299,"(530, 482)",226.71568097509268
1300,"(530, 421)",208.67678356731494
1301,"(531, 614)",75.02666192761077
1302,"(531, 450)",132.9661611087573
1303,"(532, 75)",272.88275870783775
1304,"(533, 586)",99.72462083156798
1305,"(533, 129)",153.00326793895613
1306,"(534, 137)",176.13914953808538
1307,"(535, 573)",91.4166286842826
1308,"(536, 76)",164.00304875214974
1309,"(536, 677)",3.0
1310,"(536, 621)",90.02777349240623
1311,"(537, 38)",288.36088500349695
1312,"(537, 263)",273.36605495196363
1313,"(537, 53)",273.09522148876937
1314,"(537, 404)",292.5491411711885
1315,"(538, 468)",28.600699292150182
1316,"(538, 631)",59.90826320300064
1317,"(538, 332)",103.27632836231156
1318,"(538, 314)",119.47384651043926
1319,"(539, 623)",99.00505037623081
1320,"(539, 661)",215.93517545782115
1321,"(539, 386)",75.45197147855052
1322,"(539, 422)",112.53888216967503
1323,"(540, 65)",117.34564329364768
1324,"(540, 549)",203.08865059377396
1325,"(540, 664)",59.033888572581766
1326,"(540, 478)",112.69871339105873
1327,"(541, 45)",232.1077336066164
1328,"(542, 593)",173.40126873814967
1329,"(543, 111)",148.64723340849636
1330,"(543, 105)",211.81123671797963
1331,"(543, 400)",131.0267148332736
1332,"(544, 262)",217.27862297059966
1333,"(544, 647)",33.83784863137726
1334,"(544, 88)",145.58159224297555
1335,"(544, 598)",10.816653826391969
1336,"(545, 457)",129.8345100502944
1337,"(546, 113)",109.29318368498559
1338,"(547, 6)",76.89603370785778
1339,"(548, 277)",136.82470537150812
1340,"(548, 380)",121.62236636408618
1341,"(548, 580)",35.4682957019364
1342,"(548, 600)",165.8010856418015
1343,"(549, 433)",114.84337159801605
1344,"(549, 314)",208.88752954640447
1345,"(549, 84)",198.92963580120485
1346,"(549, 192)",186.3249849054066
1347,"(550, 245)",138.31124321616085
1348,"(550, 116)",272.2590678012396
1349,"(550, 256)",236.90715480964266
1350,"(551, 156)",210.02142747824567
1351,"(551, 464)",254.34228905158497
1352,"(551, 568)",224.8399430706208
1353,"(551, 173)",216.59178193089414
1354,"(552, 320)",89.00561780022652
1355,"(552, 278)",59.90826320300064
1356,"(552, 605)",162.3607095328177
1357,"(553, 221)",134.46560898608982
1358,"(554, 151)",134.2013412749664
1359,"(554, 650)",158.76082640248507
1360,"(554, 610)",84.01190391843289
1361,"(554, 440)",137.2953021774598
1362,"(555, 501)",199.80490484470096
1363,"(555, 373)",22.847319317591726
1364,"(555, 456)",33.28663395418648
1365,"(556, 17)",170.1763790894612
1366,"(557, 427)",64.07027391856539
1367,"(557, 253)",41.10960958218893
1368,"(558, 660)",129.52991932368366
1369,"(558, 327)",101.01980003939822
1370,"(558, 548)",59.50630218724736
1371,"(559, 651)",179.3376703316958
1372,"(559, 109)",36.40054944640259
1373,"(559, 673)",211.81359729724625
1374,"(560, 232)",124.95199078045935
1375,"(560, 311)",181.46625030566977
1376,"(561, 17)",69.20260110718382
1377,"(561, 38)",42.941821107167776
1378,"(561, 446)",191.637678967368
1379,"(561, 220)",169.77926846349644
1380,"(562, 79)",160.1624175641714
1381,"(563, 426)",218.8355546980426
1382,"(564, 596)",237.69728648009425
1383,"(564, 132)",132.51792331605563
1384,"(565, 266)",198.04039991880444
1385,"(565, 554)",57.0087712549569
1386,"(565, 420)",157.2895419282541
1387,"(566, 664)",261.45171638373307
1388,"(566, 34)",65.62011886609167
1389,"(566, 384)",99.98499887483122
1390,"(567, 411)",30.083217912982647
1391,"(567, 208)",57.0350769263968
1392,"(568, 98)",149.6262009141447
1393,"(568, 672)",72.94518489934754
1394,"(568, 635)",279.0877998050076
1395,"(568, 245)",127.58134659894448
1396,"(569, 580)",168.34488409215172
1397,"(570, 499)",127.81627439414747
1398,"(570, 112)",149.05368160498418
1399,"(570, 697)",76.05918747922567
1400,"(571, 28)",188.08774548066654
1401,"(572, 506)",255.3918557824427
1402,"(573, 686)",179.47980387776224
1403,"(573, 250)",145.71547618561317
1404,"(573, 481)",2.23606797749979
1405,"(573, 266)",162.04937519163718
1406,"(574, 494)",191.0026177831079
1407,"(574, 515)",279.8231584411841
1408,"(575, 331)",35.805027579936315
1409,"(576, 329)",148.00337833982033
1410,"(576, 558)",127.22421153223941
1411,"(577, 364)",142.86357128393507
1412,"(577, 354)",136.40014662748717
1413,"(577, 19)",51.61395160225576
1414,"(578, 249)",27.202941017470888
1415,"(578, 321)",257.4975728040946
1416,"(578, 229)",139.48835076808385
1417,"(578, 205)",54.20332093147061
1418,"(579, 404)",226.99118925632334
1419,"(579, 89)",232.56181973832247
1420,"(579, 50)",118.53269591129698
1421,"(579, 257)",62.22539674441618
1422,"(580, 307)",166.43316977093238
1423,"(580, 98)",74.02702209328699
1424,"(580, 477)",13.416407864998739
1425,"(580, 68)",192.09633000138237
1426,"(581, 246)",136.82470537150812
1427,"(581, 23)",135.91173606425605
1428,"(581, 598)",128.06248474865697
1429,"(581, 224)",58.82176467941097
1430,"(582, 255)",172.35138525698017
1431,"(583, 94)",284.8859420891105
1432,"(584, 400)",162.34839081432253
1433,"(584, 42)",103.0970416646375
1434,"(584, 462)",53.41348144429457
1435,"(584, 75)",180.61284561182242
1436,"(585, 106)",95.13148795220224
1437,"(585, 288)",221.9954954497951
1438,"(585, 608)",210.98341167020692
1439,"(586, 84)",138.75518008348374
1440,"(586, 471)",211.24866863485792
1441,"(586, 677)",152.2005256232711
1442,"(586, 381)",179.12007146045917
1443,"(587, 313)",93.94147114027967
1444,"(587, 40)",203.54115063052976
1445,"(587, 504)",139.0898989862312
1446,"(587, 384)",78.92401408950256
1447,"(588, 329)",230.09780529157595
1448,"(588, 23)",124.19742348374221
1449,"(588, 128)",154.35349040433132
1450,"(588, 410)",130.18832512940628
1451,"(589, 333)",269.47356085523495
1452,"(589, 580)",172.6759971738979
1453,"(589, 298)",276.82666056577716
1454,"(589, 58)",38.600518131237564
1455,"(590, 468)",134.61797799699713
1456,"(591, 107)",160.22796260328596
1457,"(591, 603)",88.14193099768123
1458,"(591, 431)",101.23734488813898
1459,"(592, 415)",146.6594695203825
1460,"(592, 416)",104.0096149401583
1461,"(592, 615)",210.77238908357992
1462,"(593, 513)",15.033296378372908
1463,"(593, 676)",37.656340767525464
1464,"(593, 169)",174.52220489095365
1465,"(594, 523)",237.26145915424192
1466,"(594, 21)",110.98198051936178
1467,"(594, 106)",163.29421300217592
1468,"(594, 426)",84.0
1469,"(595, 598)",210.77001684300356
1470,"(596, 76)",74.52516353554684
1471,"(597, 230)",125.87692401707312
1472,"(597, 490)",85.80209787645055
1473,"(597, 447)",151.99013125857877
1474,"(598, 662)",122.98373876248843
1475,"(598, 218)",89.00561780022652
1476,"(599, 166)",276.7959537276512
1477,"(599, 617)",132.45754036671525
1478,"(599, 113)",275.94383486499567
1479,"(599, 124)",78.64477096412705
1480,"(600, 273)",175.93180496999398
1481,"(600, 144)",240.00833318866242
1482,"(600, 197)",270.05369836386245
1483,"(601, 366)",280.08748633239577
1484,"(601, 438)",251.85710234178427
1485,"(602, 165)",216.3792966066763
1486,"(602, 522)",41.48493702538308
1487,"(602, 56)",60.74537019394976
1488,"(602, 6)",83.54639429682169
1489,"(603, 186)",238.72997298202839
1490,"(603, 401)",140.13208055259867
1491,"(603, 7)",262.45190035509364
1492,"(604, 191)",254.53094114468678
1493,"(604, 500)",82.76472678623425
1494,"(604, 214)",158.14550262337528
1495,"(605, 684)",225.6213642366343
1496,"(605, 30)",92.07062506576133
1497,"(606, 521)",201.03979705520993
1498,"(606, 270)",165.19382555047267
1499,"(607, 563)",80.32434251209281
1500,"(607, 684)",148.92951352905172
1501,"(608, 87)",184.36105879496353
1502,"(608, 669)",122.38055401083949
1503,"(608, 413)",156.01281998605114
1504,"(609, 38)",213.03755537463343
1505,"(609, 484)",127.1416532848303
1506,"(610, 579)",103.24727599312246
1507,"(610, 253)",14.035668847618199
1508,"(610, 36)",54.589376255824725
1509,"(610, 501)",60.53924347066124
1510,"(611, 574)",139.47401191619892
1511,"(611, 170)",69.02897942168927
1512,"(611, 14)",93.92017887546851
1513,"(611, 56)",114.06138698087096
1514,"(612, 325)",46.69047011971501
1515,"(612, 15)",146.4137971640651
1516,"(612, 43)",51.478150704935004
1517,"(612, 423)",15.811388300841896
1518,"(613, 171)",112.29425630903836
1519,"(613, 664)",22.02271554554524
1520,"(613, 252)",255.15681452785068
1521,"(613, 177)",290.6613149354417
1522,"(614, 49)",198.07069445023916
1523,"(615, 260)",103.09219175087898
1524,"(615, 596)",278.21214926742505
1525,"(615, 559)",175.4821928287882
1526,"(616, 339)",46.61544808322666
1527,"(616, 370)",244.18026128252055
1528,"(616, 600)",331.36837507523256
1529,"(616, 43)",207.28000385951367
1530,"(617, 297)",208.40585404445815
1531,"(618, 551)",222.64994947226015
1532,"(618, 680)",320.5152102475014
1533,"(618, 263)",240.3018934590404
1534,"(618, 620)",220.58558429779586
1535,"(619, 332)",12.806248474865697
1536,"(619, 475)",64.13267497929586
1537,"(620, 691)",187.38729946290383
1538,"(621, 221)",131.64345787011217
1539,"(621, 324)",18.35755975068582
1540,"(621, 112)",119.4361754243663
1541,"(622, 189)",83.54639429682169
1542,"(622, 405)",103.74005976477939
1543,"(623, 209)",109.9317970379817
1544,"(623, 265)",120.0
1545,"(623, 191)",145.0
1546,"(624, 391)",154.30489298787643
1547,"(625, 583)",263.60007587252323
1548,"(625, 652)",115.88356225108029
1549,"(625, 522)",62.80127387243033
1550,"(626, 135)",142.88806808127822
1551,"(626, 284)",71.06335201775947
1552,"(627, 67)",172.18594600024707
1553,"(627, 160)",56.08029957123981
1554,"(627, 330)",186.70297265978385
1555,"(627, 489)",212.08488866489287
1556,"(628, 159)",37.57658845611187
1557,"(628, 59)",100.31948963187563
1558,"(628, 308)",13.92838827718412
1559,"(628, 107)",274.0218969352632
1560,"(629, 323)",229.804264538324
1561,"(629, 110)",62.39390995922599
1562,"(629, 591)",202.42776489404807
1563,"(629, 430)",97.18538984847466
1564,"(630, 465)",105.70241246064349
1565,"(630, 349)",136.12494260788506
1566,"(630, 687)",104.35037134576953
1567,"(630, 56)",33.83784863137726
1568,"(631, 388)",32.01562118716424
1569,"(631, 172)",161.69724796668618
1570,"(631, 313)",18.027756377319946
1571,"(631, 44)",71.84705978674423
1572,"(632, 390)",295.71100757327247
1573,"(633, 126)",166.83225107874077
1574,"(633, 286)",168.22009392459628
1575,"(634, 155)",89.00561780022652
1576,"(635, 233)",243.73140954747709
1577,"(635, 454)",156.02884348735012
1578,"(636, 634)",131.55227098001768
1579,"(637, 231)",37.20215047547655
1580,"(637, 689)",94.81033698917012
1581,"(637, 461)",216.6702563805194
1582,"(638, 561)",82.3286098510111
1583,"(639, 297)",296.5164413653988
1584,"(639, 551)",294.43165590676557
1585,"(639, 351)",22.02271554554524
1586,"(640, 131)",133.09019498069722
1587,"(640, 673)",53.225933528685054
1588,"(640, 355)",285.3769437077915
1589,"(640, 136)",122.09013064126027
1590,"(641, 3)",183.29484444468153
1591,"(642, 643)",150.65191668213185
1592,"(642, 611)",27.313000567495326
1593,"(643, 349)",122.67436570041843
1594,"(643, 407)",83.52843827104634
1595,"(643, 97)",69.06518659932803
1596,"(644, 461)",226.04645540242387
1597,"(644, 324)",169.01183390520322
1598,"(644, 192)",156.1793840428371
1599,"(644, 204)",250.53941805632104
1600,"(645, 124)",34.058772731852805
1601,"(645, 236)",88.88756943465155
1602,"(645, 238)",191.3765920900464
1603,"(646, 643)",138.42326394071193
1604,"(646, 375)",229.47766775876036
1605,"(646, 529)",312.18744369368864
1606,"(646, 508)",170.42593699317015
1607,"(647, 649)",277.62204523416364
1608,"(647, 425)",152.55490814785344
1609,"(647, 9)",291.7601754866486
1610,"(648, 334)",148.22280526288793
1611,"(648, 280)",177.55280904564702
1612,"(649, 623)",101.04454463255303
1613,"(649, 150)",97.57561170702442
1614,"(649, 595)",141.23030836190935
1615,"(649, 4)",59.30430001273095
1616,"(650, 591)",178.35358140502814
1617,"(650, 24)",88.56635930193812
1618,"(650, 688)",124.4869471069156
1619,"(650, 613)",85.58621384311844
1620,"(651, 434)",259.10615585122633
1621,"(652, 158)",262.4137953690697
1622,"(652, 98)",142.80406156688963
1623,"(652, 286)",149.46571513226704
1624,"(653, 187)",76.48529270389177
1625,"(653, 470)",85.86617494683223
1626,"(653, 650)",92.64987857520376
1627,"(654, 389)",102.1077861869505
1628,"(654, 271)",257.0175091311874
1629,"(655, 280)",208.3698634639856
1630,"(655, 392)",235.5949914577982
1631,"(656, 663)",100.0
1632,"(656, 529)",237.0
1633,"(657, 295)",83.5224520712844
1634,"(657, 403)",85.7962703152066
1635,"(658, 496)",241.91320757660174
1636,"(659, 66)",23.021728866442675
1637,"(660, 118)",237.89913829183996
1638,"(660, 58)",225.055548698538
1639,"(660, 579)",248.78303800701525
1640,"(660, 317)",216.90550938138938
1641,"(661, 61)",249.23081671414553
1642,"(661, 676)",74.30343195303969
1643,"(662, 574)",198.8793604173143
1644,"(662, 37)",153.44705927452634
1645,"(663, 486)",182.94534703019914
1646,"(664, 539)",107.28000745712129
1647,"(664, 512)",69.6419413859206
1648,"(665, 126)",61.1310068623117
1649,"(665, 99)",125.0
1650,"(665, 266)",201.0198995124612
1651,"(666, 522)",37.0
1652,"(666, 324)",24.331050121192877
1653,"(666, 393)",176.23847480048164
1654,"(667, 214)",128.70120434556935
1655,"(667, 119)",212.44528707410763
1656,"(668, 532)",209.55428890862626
1657,"(668, 494)",122.80065146407001
1658,"(668, 54)",104.35516278555652
1659,"(668, 199)",79.07591289387686
1660,"(669, 359)",148.55302083767936
1661,"(670, 159)",165.05150711217394
1662,"(670, 434)",138.2316895650198
1663,"(671, 127)",64.20280367709809
1664,"(671, 689)",50.99019513592785
1665,"(672, 256)",200.7710138441304
1666,"(673, 303)",185.3887806745597
1667,"(673, 453)",190.59118552545917
1668,"(673, 301)",53.71219600798314
1669,"(674, 681)",112.57886124845996
1670,"(674, 61)",69.8927750200262
1671,"(674, 296)",104.9952379872535
1672,"(675, 231)",163.29421300217592
1673,"(675, 541)",27.459060435491963
1674,"(675, 73)",93.96275858019496
1675,"(675, 558)",70.83078426785913
1676,"(676, 121)",176.08236708995025
1677,"(676, 155)",240.91907354960503
1678,"(676, 431)",63.0317380372777
1679,"(676, 283)",208.83007446246816
1680,"(677, 380)",187.5366630821824
1681,"(678, 494)",236.03813251252433
1682,"(678, 632)",89.05054744357274
1683,"(678, 62)",296.2228890548467
1684,"(678, 28)",198.08079159777205
1685,"(679, 39)",166.20770138594662
1686,"(679, 291)",57.0087712549569
1687,"(679, 189)",146.5127980757995
1688,"(679, 437)",233.3838040653207
1689,"(680, 401)",217.0829334609241
1690,"(680, 393)",254.01771591761076
1691,"(681, 52)",17.46424919657298
1692,"(682, 89)",54.45181356024793
1693,"(683, 324)",139.20129309744217
1694,"(683, 655)",269.5514793133215
1695,"(683, 628)",40.24922359499622
1696,"(683, 402)",298.50293130889014
1697,"(684, 133)",193.8762491900439
1698,"(684, 229)",214.76731594914529
1699,"(685, 559)",59.941638282582836
1700,"(685, 425)",127.91403363196706
1701,"(686, 657)",293.83158441529054
1702,"(687, 273)",233.80547470065795
1703,"(688, 188)",84.5931439302264
1704,"(688, 487)",260.6856344335069
1705,"(688, 442)",181.2181006411887
1706,"(688, 187)",239.38462774372127
1707,"(689, 619)",190.06577808748213
1708,"(690, 563)",274.33191575170395
1709,"(690, 419)",279.5460606054036
1710,"(691, 25)",13.341664064126334
1711,"(691, 675)",178.3704011320264
1712,"(692, 657)",287.5708608325955
1713,"(692, 26)",271.4645464881188
1714,"(693, 332)",181.22085972646747
1715,"(693, 21)",95.81753492967766
1716,"(693, 611)",148.00337833982033
1717,"(693, 249)",236.01906702637396
1718,"(694, 640)",263.0437226013957
1719,"(694, 541)",240.03333101883996
1720,"(694, 382)",156.1089363233252
1721,"(694, 551)",171.72361514946044
1722,"(695, 33)",206.30559856678636
1723,"(695, 539)",72.12489168102785
1724,"(696, 662)",163.2666530556684
1725,"(696, 149)",233.10512649875378
1726,"(697, 286)",53.53503525729669
1727,"(697, 259)",145.24462124292245
1728,"(697, 653)",80.62257748298549
1729,"(697, 662)",180.05554698481245
